first_name,last_name,email,phone,registration_year,index_number,degree,user_id,academic_year
Lahiru,Abegunawardena,lahirusabe15@gmail.com,754461576,2015,15000011,cs,,2015/16
Samadhi,Abeywickrama,samadhi12abeywickrama@gmail.com,775506808,2015,15000044,cs,,2015/16
Nisal ,Adikari,nisalucsc@gmail.com,712522624, 2015,15000062,cs,,2015/16
Thanushi ,Aluthge,thanushi.1995@gmail.com,716661868 , 2015,15000079 ,cs, ,2015/16
Pathum ,Dinendra ,pathum9868@gmail.com ,779868259 , 2015,15000095 ,cs, ,2015/16
Sammani,Anuththara  ,sammanianu123@gmail.com ,768704911, 2015,15000151 ,cs, ,2015/16
Vinodya ,Bandara ,vinodyabandara@gmail.com,717732620, 2015,15000214,cs, ,2015/16
Krishan ,Rajapaksha ,kcmrajapaksha@gmail.com,715987088, 2015,15000222,cs, ,2015/16
Kavinda ,Seasath,seasath@gmail.com,767808717,2015,15000281,cs, ,2015/16